source_frame,source_time_s,angle_000_cost,angle_015_cost,angle_030_cost,angle_045_cost,angle_060_cost,angle_075_cost,angle_090_cost,angle_105_cost,angle_120_cost,angle_135_cost,angle_150_cost,angle_165_cost,angle_180_cost,angle_195_cost,angle_210_cost,angle_225_cost,angle_240_cost,angle_255_cost,angle_270_cost,angle_285_cost,angle_300_cost,angle_315_cost,angle_330_cost,angle_345_cost
0,0.000000,0.09175984,0.22408584,0.22460609,0.21115972,0.22135815,0.24215130,0.28139669,0.27472074,0.27571717,0.24710539,0.24856690,0.27667968,0.26513691,0.29978422,0.27988026,0.27805154,0.30045927,0.31563403,0.30152704,0.29371864,0.31779343,0.27588605,0.28542753,0.26120708
1,0.033333,0.13861496,0.24137651,0.24644298,0.21846136,0.25050287,0.26048218,0.29118439,0.30014179,0.29650356,0.26453426,0.28323902,0.28667677,0.30738564,0.35364563,0.33950754,0.29536319,0.35588526,0.36864940,0.35677573,0.35591227,0.37315005,0.27949921,0.33843986,0.32027672
2,0.066667,0.15137031,0.23190644,0.24184395,0.21892539,0.24432882,0.25034739,0.28671418,0.29140531,0.28678488,0.26284524,0.26931298,0.28122964,0.30758203,0.36325028,0.35410778,0.28639225,0.37033941,0.38038781,0.36904130,0.36873758,0.38577061,0.27591448,0.35237380,0.33173193
3,0.100000,0.17990951,0.22534811,0.23401577,0.20847703,0.23333984,0.23807939,0.27921054,0.28099854,0.27655488,0.25213756,0.27710147,0.29677297,0.31748634,0.37676229,0.36495858,0.28073109,0.38108644,0.39579361,0.38345023,0.37882330,0.39748115,0.26036534,0.36113047,0.34424062
4,0.133333,0.17482289,0.22488321,0.24357302,0.20884859,0.23302193,0.24192660,0.27861014,0.28111746,0.27743466,0.25202647,0.26875142,0.28929468,0.30989954,0.38000289,0.36482250,0.27970099,0.38159268,0.38005566,0.38525898,0.38142861,0.38789373,0.26039820,0.35896399,0.34879579
5,0.166667,0.19507011,0.22509398,0.23389996,0.21658015,0.23148506,0.24008133,0.27573878,0.28269808,0.27800531,0.25261465,0.27964537,0.30120981,0.32029166,0.37742575,0.36694633,0.28142823,0.37857315,0.39302794,0.38406713,0.37970965,0.39463612,0.26603121,0.37012475,0.34816290
6,0.200000,0.20140820,0.22295317,0.23569254,0.21274735,0.23774001,0.24624900,0.27896685,0.28629003,0.28252539,0.25087119,0.27746351,0.30324731,0.32302431,0.38268919,0.36842526,0.28383347,0.38709470,0.39551855,0.39037438,0.37900071,0.39529495,0.26617886,0.37367492,0.34968503
7,0.233333,0.20361869,0.22833456,0.24680537,0.21800861,0.23366051,0.24738165,0.26722526,0.27367017,0.27782204,0.25378364,0.27809473,0.30360122,0.32209205,0.38887480,0.37788314,0.28492064,0.39879184,0.39560358,0.40034954,0.39438665,0.39512139,0.25465059,0.36826119,0.36237867
8,0.266667,0.20682885,0.22810339,0.24229959,0.20864741,0.23777873,0.24219406,0.26706841,0.27739212,0.27860968,0.25146524,0.27898575,0.29995009,0.32431546,0.38800460,0.37609097,0.28572793,0.39443375,0.39544501,0.39631314,0.39087164,0.39071354,0.25301121,0.37028912,0.35893348
9,0.300000,0.21318959,0.22169515,0.24666499,0.21388792,0.23363846,0.24974969,0.27203593,0.27896323,0.28380004,0.24789683,0.27259169,0.30539056,0.31752192,0.39178982,0.37520612,0.28194267,0.39827845,0.39577122,0.38745125,0.38724715,0.39184864,0.25229245,0.36373756,0.36250301
10,0.333333,0.21518163,0.21990589,0.23911213,0.21833162,0.23581486,0.24744920,0.26554729,0.27527248,0.28502250,0.25688916,0.27533327,0.30698761,0.32117974,0.38813299,0.37747601,0.28205571,0.39559531,0.39416548,0.39008719,0.39052996,0.39322499,0.25681533,0.36548429,0.35597328
11,0.366667,0.22038697,0.22317034,0.24689428,0.21443911,0.22837084,0.24596362,0.25440858,0.25902560,0.28024703,0.25295906,0.28280734,0.29739443,0.32809395,0.39532484,0.38419008,0.27590554,0.39976444,0.40631101,0.40314298,0.39632941,0.40349063,0.24755280,0.37192802,0.36140356
12,0.400000,0.23062830,0.22455293,0.24351451,0.21328244,0.23284055,0.24221493,0.25389855,0.25816569,0.27863057,0.24709786,0.28626169,0.29690969,0.32758095,0.39169543,0.38048948,0.27600384,0.40138154,0.40470867,0.39610183,0.40231085,0.40260317,0.24855575,0.37421868,0.36811872
13,0.433333,0.22754757,0.21735645,0.24768165,0.21544649,0.22797583,0.24012377,0.25088007,0.26238449,0.27618105,0.24556209,0.28617868,0.29871417,0.32472028,0.39106201,0.37699372,0.27451803,0.40160356,0.40691731,0.39770416,0.39721526,0.40242711,0.24846511,0.36983900,0.36476973
14,0.466667,0.22202302,0.21957601,0.24578528,0.21929083,0.23382971,0.24040228,0.24754852,0.26246746,0.27711808,0.25074207,0.28344661,0.29912766,0.32275254,0.38693350,0.38009300,0.27715542,0.40259700,0.41089254,0.40019683,0.40051659,0.40484278,0.25658075,0.37165264,0.36634685
15,0.500000,0.21917329,0.21678695,0.24215556,0.20589875,0.22671907,0.23391374,0.25232516,0.25874020,0.27386209,0.24516317,0.27847185,0.30030756,0.32063541,0.38846017,0.37131297,0.27540012,0.40160322,0.39948566,0.39915177,0.39055352,0.39598152,0.25377391,0.36861254,0.35887070
16,0.533333,0.22420734,0.21607449,0.24155161,0.21380593,0.22888082,0.23475111,0.24825331,0.25236879,0.27287218,0.24293724,0.27445629,0.29015404,0.31739656,0.38841769,0.37345855,0.26573223,0.40085979,0.40215439,0.39774756,0.38968842,0.39602797,0.24984372,0.36765366,0.35226223
17,0.566667,0.25153183,0.22356798,0.25436940,0.22414761,0.22975773,0.25746424,0.25533143,0.27032417,0.28557291,0.23999469,0.30060478,0.31235732,0.32773881,0.38468348,0.38241112,0.28086134,0.40916935,0.41234890,0.40809959,0.39149311,0.39579745,0.25169606,0.37936484,0.35574896
18,0.600000,0.25220487,0.21616202,0.25236086,0.22562199,0.22287465,0.25454751,0.25841327,0.26639138,0.28087727,0.23487667,0.30179022,0.31355629,0.33407092,0.38957860,0.39123959,0.28501394,0.40862144,0.41211117,0.41006876,0.39444271,0.40281020,0.25075561,0.38206207,0.36163700
19,0.633333,0.25267409,0.22277667,0.24827822,0.22077257,0.23046938,0.25495161,0.26174017,0.26695781,0.28106054,0.23899214,0.30393216,0.31446142,0.33357394,0.38765771,0.38968922,0.28732746,0.41120162,0.40980145,0.41063779,0.39166196,0.40015687,0.25065246,0.38641433,0.36257030
20,0.666667,0.24983916,0.21560906,0.25541123,0.21825588,0.22560958,0.26006009,0.25790641,0.27035187,0.27732758,0.23661811,0.30407032,0.31446789,0.32895617,0.38853674,0.38903687,0.28301586,0.40428740,0.41180561,0.41277919,0.39316524,0.40050124,0.24679678,0.37827699,0.35747066
21,0.700000,0.24802525,0.21997198,0.24999184,0.22322156,0.22558194,0.25711536,0.26371673,0.27220766,0.27410999,0.23541958,0.30425733,0.31192058,0.33212987,0.38556388,0.39320165,0.27895643,0.40964500,0.40694786,0.41170552,0.39843358,0.39644383,0.24756015,0.37983528,0.36263296
22,0.733333,0.24283758,0.22424186,0.24899095,0.21989770,0.23158234,0.25499593,0.25554892,0.26853103,0.27897583,0.24322334,0.30742009,0.30708453,0.33460597,0.39359207,0.38939736,0.28484575,0.41092360,0.41074623,0.40918076,0.39465758,0.39871897,0.24572610,0.38465560,0.36046202
23,0.766667,0.25302163,0.21616978,0.25009460,0.22087203,0.22116472,0.25533569,0.26045246,0.25998612,0.27871585,0.23551383,0.30274069,0.30798097,0.33044048,0.38644042,0.38839234,0.27481940,0.40625465,0.40450648,0.40209431,0.39330603,0.39370522,0.24575919,0.38026788,0.35131893
24,0.800000,0.25562235,0.21743653,0.24968370,0.21474797,0.22373711,0.25299748,0.25601546,0.26513879,0.27317402,0.23437248,0.29693957,0.30415608,0.32439996,0.37990667,0.37973877,0.27508020,0.40605326,0.40348518,0.40106121,0.38589015,0.38617692,0.24354858,0.37854571,0.34585304
25,0.833333,0.25732931,0.22258349,0.24987629,0.21737581,0.21753294,0.25324369,0.25649331,0.26676511,0.27732027,0.23642010,0.30116335,0.30988155,0.32561731,0.38629154,0.37516640,0.27129983,0.40344203,0.40619189,0.39996487,0.38582732,0.38647088,0.24170990,0.38246215,0.35814470
26,0.866667,0.25915791,0.22128195,0.24553639,0.21646908,0.21516457,0.25019678,0.25861557,0.26444176,0.27229378,0.24482398,0.30528302,0.31363659,0.32454767,0.39037988,0.38269669,0.27587266,0.40454558,0.40529586,0.40076621,0.38937126,0.38819882,0.23765554,0.37755388,0.35629385
27,0.900000,0.25881438,0.22412535,0.24778400,0.22080698,0.22033500,0.25280952,0.25965984,0.26744387,0.27796879,0.24150780,0.30473249,0.31113264,0.32460019,0.38916842,0.38299584,0.27289742,0.40406726,0.40321240,0.40459414,0.39310281,0.39181989,0.24364145,0.37934977,0.35689310
28,0.933333,0.27315821,0.23779455,0.24937689,0.23305280,0.21697106,0.25301157,0.25972732,0.26151436,0.27823978,0.25610607,0.30055538,0.31276341,0.32846559,0.37970268,0.36837501,0.27546229,0.39596651,0.39895196,0.39914430,0.39999937,0.38827599,0.24936102,0.36866347,0.35526141
29,0.966667,0.27391958,0.23164352,0.25332073,0.22486139,0.22659191,0.26718976,0.27225065,0.27509849,0.28772022,0.23784513,0.31252499,0.31402480,0.34203457,0.38667544,0.37991924,0.26652456,0.40317506,0.40686033,0.40954651,0.39061616,0.38945695,0.23512118,0.38116764,0.34923348
30,1.000000,0.25958811,0.23051484,0.26599066,0.22571184,0.23496453,0.26591923,0.27909819,0.28229015,0.29052318,0.23606188,0.31200012,0.32450440,0.33859503,0.38760124,0.37841367,0.27399731,0.39955734,0.40128730,0.40975482,0.39187505,0.38910951,0.23740160,0.37733196,0.35518954
31,1.033333,0.26285585,0.23419766,0.26191753,0.22775120,0.23155733,0.26233634,0.27954276,0.28894210,0.29995427,0.23877975,0.31520886,0.32653793,0.33810170,0.38559959,0.38430507,0.27246734,0.40330140,0.40496249,0.40915363,0.39272325,0.39547662,0.24079252,0.37661117,0.35412455
32,1.066667,0.26032200,0.23360671,0.26922386,0.23153691,0.23298067,0.26375747,0.28085281,0.29353615,0.29910378,0.23772635,0.31370993,0.32773429,0.33662795,0.38871235,0.38101662,0.27484067,0.41255649,0.40663167,0.40752355,0.39642970,0.40382215,0.24372866,0.38040677,0.35736571
33,1.100000,0.25933157,0.23636968,0.26824131,0.23311187,0.24232773,0.27080702,0.28841508,0.29607477,0.29868619,0.24136137,0.31893409,0.32877804,0.33277098,0.39266492,0.38049640,0.27654226,0.41156671,0.41255743,0.40890654,0.39647805,0.39829313,0.24735512,0.37941639,0.36720211
34,1.133333,0.26103660,0.23613132,0.25512282,0.23221609,0.22345109,0.25962991,0.27746913,0.28776499,0.28898428,0.24405364,0.30312090,0.31815335,0.32966498,0.39654581,0.37579240,0.26542190,0.40206126,0.40503936,0.40086453,0.40878930,0.40077939,0.24679392,0.37115421,0.37677143
35,1.166667,0.26755045,0.23374426,0.25979818,0.23375406,0.23299231,0.25862768,0.27502985,0.28391193,0.28624927,0.24567116,0.30821302,0.32126518,0.32997944,0.39054892,0.37437066,0.26597193,0.40035331,0.40363982,0.39832867,0.41250699,0.40133476,0.24258382,0.36969228,0.37575401
36,1.200000,0.25543195,0.23334103,0.25553457,0.23371249,0.23139452,0.25647830,0.28010536,0.28281876,0.28491859,0.24175426,0.30575428,0.31833163,0.33089771,0.39140120,0.37268066,0.26367030,0.39787609,0.40316712,0.40027603,0.40735822,0.40256602,0.24183308,0.37125104,0.37908229
37,1.233333,0.25049512,0.23035978,0.25043400,0.22935266,0.22196436,0.25232332,0.27108884,0.27622694,0.28446276,0.23927944,0.29823178,0.31627682,0.32930050,0.39017760,0.36985984,0.25665551,0.39929114,0.40276908,0.40154707,0.40318902,0.40016644,0.24356137,0.37139491,0.37134985
38,1.266667,0.25386958,0.22941304,0.25149511,0.23261863,0.23037537,0.25482763,0.27602320,0.28465873,0.29084302,0.24576080,0.29541675,0.31726108,0.32945786,0.39538255,0.37202206,0.25843643,0.39966857,0.40056927,0.39726237,0.40661461,0.39758903,0.24395261,0.36388249,0.37277636
39,1.300000,0.26212716,0.23214219,0.25067715,0.23429303,0.21897209,0.25333201,0.27278977,0.27794268,0.29077491,0.23710871,0.30277222,0.31733019,0.32691353,0.39197048,0.36848219,0.26248705,0.40048126,0.39675505,0.39862009,0.40042858,0.40192881,0.24170412,0.36759417,0.37015478
40,1.333333,0.26033116,0.22711038,0.25222225,0.23423144,0.22071709,0.24933767,0.27686773,0.27208349,0.28692718,0.24245439,0.30326978,0.31811228,0.32014713,0.39333602,0.37284337,0.26670074,0.40099219,0.40267574,0.39452652,0.40495858,0.40065035,0.24253801,0.37121684,0.37767311
41,1.366667,0.24727391,0.21511408,0.23584515,0.21979178,0.20228245,0.23990443,0.27322392,0.27254144,0.27322883,0.22681237,0.29038885,0.30002527,0.31311213,0.38870017,0.37069693,0.25273266,0.39302136,0.39445368,0.39220185,0.40594947,0.39760490,0.22965668,0.36720566,0.37249397
42,1.400000,0.25114907,0.21939585,0.23775250,0.22159366,0.20576150,0.23670337,0.27144011,0.27738834,0.27481642,0.22592192,0.29288280,0.30349901,0.31628968,0.38754229,0.36801686,0.25650110,0.39337408,0.39654781,0.39617057,0.40372337,0.39967705,0.22997634,0.36612524,0.37211546
43,1.433333,0.25607037,0.21724081,0.24158696,0.22313663,0.19982510,0.24317096,0.26992620,0.27448843,0.27618100,0.22764863,0.28736325,0.30219609,0.31449753,0.38731232,0.36827454,0.25411239,0.39972851,0.39907713,0.39496966,0.40835059,0.39759662,0.23195669,0.36939873,0.37271513
44,1.466667,0.24866151,0.21623040,0.24503664,0.22371840,0.20455086,0.24106899,0.27629661,0.27457236,0.27683438,0.22107430,0.28511945,0.30236927,0.31576079,0.38556022,0.36548223,0.25400022,0.39850284,0.39876993,0.39621114,0.40678334,0.39340885,0.23148947,0.36796014,0.37154501
45,1.500000,0.26117116,0.21388935,0.23935019,0.21620303,0.20433883,0.23487287,0.26583242,0.26266831,0.27486720,0.22053946,0.29111640,0.29921865,0.31760050,0.38452525,0.35576824,0.25221254,0.39625881,0.40247306,0.39439069,0.40325631,0.40177308,0.23191631,0.36406811,0.36552029
46,1.533333,0.25552257,0.21537707,0.24155928,0.22333251,0.20492759,0.24458593,0.26421553,0.26277651,0.27099747,0.22234735,0.28862290,0.30336269,0.31711473,0.38779801,0.35959707,0.24995678,0.39675602,0.40255703,0.39698592,0.40765999,0.40058708,0.22623791,0.36672056,0.36640902
47,1.566667,0.25741326,0.21781819,0.24068363,0.21728647,0.20650060,0.24276257,0.26421462,0.26258981,0.26808531,0.22064667,0.28916101,0.29597377,0.31671120,0.38625462,0.35908238,0.24996197,0.39366956,0.40036882,0.39761427,0.40677790,0.39755064,0.23089336,0.36122096,0.36570705
48,1.600000,0.26151550,0.21949968,0.23818427,0.21967702,0.20267629,0.23952250,0.26094721,0.25940361,0.27080284,0.22252715,0.29108155,0.30509789,0.31708499,0.38855529,0.35999791,0.24945557,0.39150606,0.39950211,0.39654720,0.40533995,0.39673589,0.23362728,0.36549334,0.36423582
49,1.633333,0.25795575,0.21988264,0.24554437,0.21992465,0.20991385,0.24252305,0.26072161,0.26212476,0.27205498,0.22548062,0.29094368,0.30317259,0.31761115,0.38935658,0.36517514,0.24847943,0.39251288,0.39753996,0.39878758,0.40437097,0.39605550,0.23413398,0.36328495,0.37045116
50,1.666667,0.27538891,0.22262923,0.24300287,0.22429224,0.21856191,0.24458473,0.26410757,0.25007799,0.26492384,0.22623937,0.29362585,0.30543489,0.31611705,0.38333143,0.37190776,0.23584834,0.38971062,0.39060125,0.38831341,0.39231194,0.38882278,0.23230867,0.36609858,0.38181341
51,1.700000,0.27431206,0.21772089,0.24828400,0.22694347,0.21983214,0.24160364,0.26442857,0.24946786,0.26348622,0.21903543,0.28985272,0.30172839,0.31649681,0.38015988,0.36810035,0.23428929,0.38999584,0.39130932,0.38362263,0.39245000,0.38701806,0.23195780,0.36789600,0.37710994
52,1.733333,0.27270346,0.21788452,0.24904630,0.21688780,0.20865123,0.24198969,0.25869170,0.24321591,0.25974341,0.22140537,0.29322868,0.30291273,0.31894272,0.38005126,0.36419978,0.23323802,0.38570218,0.38579569,0.38336487,0.39463383,0.38699988,0.23189280,0.36402673,0.37916964
53,1.766667,0.28060470,0.22558226,0.23645266,0.22247381,0.21281575,0.24212395,0.26316158,0.24992923,0.25705467,0.22653860,0.28828753,0.28845490,0.32064079,0.37717384,0.36680821,0.22242816,0.38972825,0.39851049,0.39698310,0.40691447,0.39941132,0.23500963,0.36880681,0.39640543
54,1.800000,0.28676361,0.22211556,0.23186692,0.22361098,0.20872835,0.23223780,0.26259477,0.24936485,0.25587159,0.22436160,0.28765019,0.28570891,0.32305635,0.37648479,0.36915768,0.22894746,0.38764684,0.39449825,0.39568270,0.40381835,0.39355038,0.23557648,0.36942107,0.39394901
55,1.833333,0.28212378,0.22651313,0.23269887,0.22472227,0.21992515,0.23426810,0.26162182,0.25292424,0.25770479,0.21914851,0.29083367,0.28395024,0.32398595,0.37605605,0.36969600,0.22956956,0.38654897,0.39655464,0.39759800,0.40464477,0.39383585,0.23041602,0.36139831,0.39205926
56,1.866667,0.28440144,0.22662434,0.23519315,0.22237248,0.21621140,0.23961993,0.26298216,0.25527115,0.25238745,0.22584076,0.29192217,0.29013211,0.32595942,0.37504898,0.36071434,0.22627729,0.38635260,0.39898619,0.39628160,0.40473206,0.39638318,0.23072782,0.36525878,0.39097428
57,1.900000,0.28843443,0.22482019,0.23619465,0.22492597,0.21932963,0.23248475,0.26395399,0.24926761,0.25232701,0.22721478,0.29514217,0.28877034,0.32389157,0.37651571,0.36729609,0.22921786,0.38694088,0.39449847,0.39139030,0.40039490,0.39806525,0.23258290,0.36686608,0.39233436
58,1.933333,0.28590493,0.22505328,0.23133459,0.22757808,0.21676510,0.23154389,0.26272863,0.25439622,0.25248291,0.23129764,0.29571590,0.28648786,0.32143738,0.37789970,0.37222677,0.23018076,0.38437114,0.39327186,0.39233183,0.40327437,0.39964176,0.22891716,0.36697872,0.39583740
59,1.966667,0.29745084,0.24206464,0.25479415,0.23555845,0.22754198,0.23883642,0.25377863,0.24807253,0.24045511,0.22950114,0.29297984,0.27755387,0.32385074,0.36709555,0.35664488,0.21699683,0.37660623,0.38870837,0.39074248,0.39647989,0.38577839,0.22429515,0.36995164,0.38338401
60,2.000000,0.29125008,0.23660050,0.24777060,0.23711294,0.22761091,0.24354333,0.25308500,0.24459691,0.24675716,0.22969871,0.29465358,0.27735033,0.32192760,0.36736270,0.35875785,0.21156426,0.37693495,0.38819094,0.38657902,0.39168022,0.37993643,0.21691574,0.36713003,0.38281046
61,2.033333,0.29873512,0.23691821,0.24749656,0.23288912,0.22925251,0.23913747,0.25651326,0.24142964,0.24258866,0.23187335,0.28658377,0.28097621,0.32083350,0.36879964,0.35515408,0.21580788,0.37474442,0.38089308,0.38440725,0.39455925,0.38937963,0.22447283,0.36575959,0.37910232
62,2.066667,0.31100952,0.24882043,0.26323469,0.24853803,0.23524577,0.25323167,0.26494686,0.23129530,0.24117881,0.24211399,0.30001029,0.28005091,0.33287335,0.36586066,0.35654686,0.21786842,0.37478435,0.37282720,0.37092492,0.38849303,0.37685237,0.23456292,0.37591759,0.38693280
63,2.100000,0.31209345,0.24777173,0.26434706,0.24748255,0.23857356,0.25520264,0.26415583,0.23740780,0.24301887,0.24201389,0.29980675,0.28293262,0.33409670,0.36771746,0.35776595,0.21458966,0.37478889,0.37765962,0.37341736,0.38917316,0.37691883,0.23251393,0.37516411,0.38839930
64,2.133333,0.30858921,0.24891138,0.25624114,0.25506022,0.24090646,0.25833520,0.26200528,0.23388462,0.24419965,0.24391542,0.29778064,0.27983702,0.33430838,0.36802677,0.35891148,0.21379851,0.37099562,0.37797309,0.37415724,0.38432577,0.37781612,0.23398463,0.36972403,0.39068574
65,2.166667,0.31281496,0.24721955,0.25886094,0.25269838,0.24363747,0.26068688,0.26681039,0.23356213,0.24468776,0.24574909,0.30117362,0.28385324,0.33264811,0.36931640,0.36138672,0.21946112,0.37063622,0.37392004,0.37402411,0.38920827,0.37788645,0.23195199,0.37449413,0.39078060
66,2.200000,0.31522810,0.24642929,0.25659867,0.25724260,0.24206719,0.24942277,0.25498602,0.23821966,0.23882076,0.23775004,0.29480582,0.27119099,0.32038482,0.36102956,0.35098961,0.20876492,0.36466405,0.37770346,0.37518938,0.38449066,0.37907263,0.22716314,0.36226822,0.38333512
67,2.233333,0.31356568,0.25115992,0.25921427,0.25436174,0.24555900,0.24744146,0.25830748,0.23306515,0.24768590,0.24267638,0.28959716,0.27268294,0.32094644,0.36927502,0.35005235,0.21572593,0.37187816,0.37459451,0.37210447,0.38163512,0.37706596,0.22945879,0.36680180,0.37993611
68,2.266667,0.31050819,0.25397219,0.26151390,0.26020669,0.24465436,0.25083604,0.25818656,0.23527402,0.24694642,0.23774418,0.29162212,0.27561912,0.32271111,0.36706379,0.34842174,0.22059195,0.37252645,0.37106510,0.37435565,0.38163463,0.37584685,0.22946648,0.36529984,0.38209844
69,2.300000,0.31456868,0.26027846,0.26856205,0.27056239,0.25038957,0.26419570,0.25510625,0.23896561,0.24129049,0.24966219,0.29957777,0.26390538,0.30859924,0.35953736,0.33541313,0.22852501,0.36677472,0.36484689,0.35890220,0.36730301,0.36867211,0.24087225,0.36486839,0.37802934
70,2.333333,0.32269314,0.26782406,0.27901234,0.27121507,0.25861944,0.26889109,0.25893742,0.24864226,0.25074996,0.25429659,0.30400562,0.27090594,0.31310354,0.34716211,0.34648400,0.23600153,0.37229920,0.36403922,0.35502551,0.36057434,0.35975332,0.24641502,0.36214873,0.37235876
71,2.366667,0.32204400,0.26595655,0.27549107,0.26717894,0.25715906,0.26754532,0.25587611,0.24832089,0.25390757,0.25333689,0.30291285,0.27129973,0.31765948,0.35284461,0.34497152,0.24218208,0.36456846,0.36385793,0.35372119,0.36231546,0.35958894,0.23943567,0.36277924,0.37175578
72,2.400000,0.32371166,0.26919392,0.28007401,0.27745680,0.26545868,0.27058688,0.25776652,0.25073081,0.25580184,0.25808360,0.30677667,0.27106521,0.31559349,0.35386843,0.34235197,0.24311408,0.37064765,0.36277128,0.35296707,0.36182813,0.35696675,0.24117924,0.36744855,0.37760280
73,2.433333,0.31950753,0.26606339,0.26475244,0.27486112,0.26064898,0.26839615,0.24768037,0.25419296,0.24291053,0.25702776,0.30064317,0.26404007,0.30490287,0.34584013,0.33881301,0.23814890,0.35849557,0.36206149,0.35817459,0.36497981,0.36169635,0.24755446,0.35363521,0.36667970
74,2.466667,0.32244869,0.26414930,0.26874313,0.27409306,0.26117479,0.27371552,0.24332296,0.25506550,0.24267963,0.25570363,0.29857382,0.25906356,0.30068575,0.34247471,0.33653435,0.23818581,0.36335127,0.35865630,0.36080696,0.36357745,0.36260667,0.24681787,0.35044722,0.37040398
75,2.500000,0.33022370,0.27777043,0.27202110,0.28572355,0.27638237,0.28137957,0.25601415,0.26859773,0.25951554,0.27161545,0.30527702,0.27349724,0.31635594,0.33514811,0.33499941,0.25498107,0.35863867,0.36188628,0.35559688,0.35466770,0.34894336,0.25693780,0.35225058,0.35850735
76,2.533333,0.33039238,0.27831600,0.28327995,0.28476374,0.27432912,0.27796170,0.25471296,0.26319197,0.25487619,0.26956557,0.30548300,0.27819787,0.30423118,0.34567496,0.32150090,0.25401077,0.35023311,0.34905605,0.34973124,0.35890156,0.34974888,0.25819527,0.34494447,0.35740287
77,2.566667,0.34293835,0.28219606,0.29301948,0.29659057,0.28122661,0.28781927,0.26856373,0.27204137,0.26425181,0.27614440,0.31794976,0.28028922,0.30141467,0.32876019,0.32035835,0.25984618,0.34379772,0.34941178,0.34447772,0.34381136,0.33380891,0.26414171,0.33966315,0.34541094
78,2.600000,0.35967058,0.30159669,0.30283304,0.30745634,0.30183778,0.30231644,0.28088835,0.28217904,0.27584682,0.29043381,0.31897023,0.29305215,0.30170157,0.32326275,0.31501005,0.28339219,0.33768020,0.32653079,0.32512606,0.34057585,0.32712897,0.27743345,0.32213992,0.33561346
79,2.633333,0.35968200,0.30208593,0.30619932,0.31303906,0.30081985,0.29939205,0.27425588,0.28663321,0.27035273,0.29264023,0.31905761,0.29701087,0.29822143,0.32514257,0.30364858,0.28325147,0.32187872,0.33255085,0.32656910,0.33753070,0.33068636,0.27962165,0.32501502,0.33874392
80,2.666667,0.35964607,0.32843588,0.32513945,0.33111808,0.32799447,0.31473840,0.29589547,0.30765423,0.30359532,0.31413727,0.32310965,0.30466186,0.30466031,0.30388012,0.29778220,0.30493130,0.31593124,0.31254492,0.30757478,0.31750617,0.31983197,0.30101449,0.30706638,0.31984230
81,2.700000,0.34272854,0.32978007,0.33731166,0.33013188,0.32099247,0.31257876,0.29230102,0.31045172,0.31258575,0.31085022,0.33109130,0.31760952,0.31552591,0.30578961,0.30056182,0.31635773,0.31850708,0.29669847,0.29387723,0.30797122,0.29925073,0.29573921,0.30709318,0.30897620
82,2.733333,0.33975730,0.32490164,0.33730983,0.33097377,0.31979617,0.30899523,0.29343778,0.30799161,0.30859497,0.31185843,0.32860248,0.31212012,0.32045621,0.29927027,0.29510316,0.31478784,0.31586322,0.29807559,0.29083334,0.30255324,0.29217355,0.29532397,0.30138436,0.30185352
83,2.766667,0.34824851,0.33635673,0.34781548,0.34322679,0.33459555,0.32156452,0.28835702,0.30429820,0.31809404,0.31833835,0.33685433,0.31258457,0.32292334,0.30782812,0.28040066,0.32422695,0.30628703,0.28793137,0.28134956,0.29556475,0.29151071,0.30906427,0.30271063,0.30008651
84,2.800000,0.36345386,0.34266589,0.35196921,0.35453834,0.33809074,0.33458364,0.30758094,0.32871953,0.33020705,0.33245013,0.33797029,0.33319306,0.32094832,0.28927885,0.28247477,0.32655697,0.30060158,0.28425390,0.28804468,0.28478726,0.27277527,0.31997837,0.29233243,0.28345815
85,2.833333,0.35818819,0.35239981,0.35066946,0.35815900,0.34563095,0.33895219,0.31375229,0.33539576,0.32641173,0.33707215,0.32281086,0.32739195,0.29232090,0.25982185,0.26501064,0.32598133,0.28722714,0.27931237,0.27875814,0.28329864,0.27069093,0.32384796,0.27911191,0.27822024
86,2.866667,0.35443798,0.35600074,0.35309106,0.35910543,0.34917189,0.34092432,0.31339034,0.33475284,0.32545086,0.33364389,0.32758718,0.33180049,0.29679908,0.26788371,0.26905315,0.32737176,0.28780435,0.28468968,0.28356691,0.27760472,0.27465182,0.32819912,0.27460130,0.28180686
87,2.900000,0.35666254,0.34987725,0.34529333,0.35579576,0.34635263,0.33599715,0.31241841,0.33081185,0.32280965,0.33284960,0.32219743,0.32490306,0.29062048,0.26999334,0.26827091,0.32815644,0.28883698,0.27860558,0.27690739,0.27973960,0.26716935,0.32046425,0.27251337,0.27620990
88,2.933333,0.34441186,0.34578546,0.34432373,0.34898666,0.33414171,0.32997710,0.31520862,0.33203704,0.31640170,0.32455507,0.31603231,0.31721636,0.28335545,0.26318104,0.24254018,0.32325312,0.27197185,0.26948820,0.26778256,0.26717582,0.25760110,0.31361545,0.26503230,0.27276416
89,2.966667,0.34076220,0.33752231,0.34383152,0.34751668,0.33382278,0.33006168,0.31542161,0.33210696,0.31255937,0.32492203,0.31140917,0.31979072,0.28831487,0.26264750,0.24236142,0.32153924,0.26928385,0.27137120,0.26420874,0.26539141,0.25517368,0.31124460,0.26260784,0.26850930
90,3.000000,0.33918448,0.34159959,0.34009074,0.35114574,0.33304225,0.32859316,0.31312845,0.32546830,0.31712647,0.32801737,0.31040733,0.32041608,0.28644555,0.26485691,0.24536974,0.32166477,0.27137818,0.27335903,0.26932757,0.26874640,0.25796207,0.31664867,0.26745372,0.26666870
91,3.033333,0.32624813,0.32939337,0.33022925,0.33896153,0.31964423,0.31167971,0.31134411,0.32374414,0.31232951,0.31735598,0.29405932,0.33279366,0.29118069,0.27668842,0.25057328,0.30721479,0.27688686,0.28541822,0.27807156,0.28050599,0.27439162,0.30066433,0.26435026,0.27033493
92,3.066667,0.31365876,0.31829817,0.32899750,0.31019131,0.30193700,0.29692328,0.30581834,0.31341264,0.32263699,0.30970098,0.29732337,0.33842595,0.29770305,0.28186986,0.26569095,0.30793153,0.29847200,0.27751682,0.27234925,0.27588091,0.25969040,0.29109652,0.27018319,0.26764943
93,3.100000,0.30432699,0.32578511,0.33923404,0.31752493,0.30926609,0.29983324,0.31763326,0.31982074,0.32796446,0.31803438,0.30095852,0.34062012,0.29207777,0.27409239,0.26416412,0.31163939,0.29388370,0.26974305,0.27016131,0.27033297,0.25786795,0.29943041,0.26760824,0.25997251
94,3.133333,0.30038873,0.33057182,0.34247758,0.33132456,0.32055308,0.29973442,0.32992233,0.33655338,0.33850449,0.32511244,0.29838492,0.33847630,0.29007021,0.26312045,0.24523135,0.32030469,0.27897366,0.25560849,0.25203071,0.25497250,0.24613671,0.31238069,0.25053065,0.24554964
95,3.166667,0.31201445,0.33989205,0.34567392,0.34435287,0.33750767,0.31711387,0.32711017,0.33517739,0.33933144,0.33683327,0.30445376,0.33883086,0.29951255,0.26951364,0.24795337,0.33374850,0.27917682,0.25562261,0.25672648,0.25418314,0.24515101,0.31733118,0.25919683,0.25260510
96,3.200000,0.32454760,0.35483013,0.33824004,0.35323839,0.34257191,0.32625836,0.33259570,0.32891382,0.34418539,0.34767772,0.30832177,0.35403943,0.30551926,0.26708231,0.25195794,0.34282480,0.27647440,0.25422800,0.24365574,0.24337581,0.24070754,0.32658225,0.26357373,0.24583032
97,3.233333,0.32390944,0.34787892,0.34503973,0.34102389,0.33949769,0.32591207,0.33057425,0.33195212,0.34397132,0.34719561,0.30675894,0.35228043,0.30660993,0.25908632,0.24794456,0.33918063,0.28049421,0.25409294,0.24611176,0.24346944,0.24505120,0.33033336,0.26108982,0.24290696
98,3.266667,0.32425128,0.34656676,0.33930769,0.34803821,0.34016783,0.33175058,0.33095449,0.32801460,0.34614299,0.34595892,0.30461104,0.35156179,0.30751581,0.26420287,0.24502351,0.33912081,0.27770470,0.25507137,0.24061598,0.24641288,0.24732463,0.32953670,0.26368842,0.24399067
99,3.300000,0.32392469,0.34595223,0.34270097,0.34546476,0.33713485,0.33137446,0.34386840,0.34080105,0.34524990,0.33993438,0.31207753,0.35511964,0.29866051,0.25331104,0.24001534,0.33881388,0.26498489,0.24746372,0.23594633,0.22870729,0.23752158,0.33619690,0.25099855,0.23552817
100,3.333333,0.32057311,0.35519357,0.34916228,0.35559675,0.33928161,0.33488626,0.35558020,0.34665606,0.35010874,0.34271510,0.31226916,0.35640197,0.29541297,0.24704319,0.22925460,0.34440682,0.25740221,0.23179336,0.22388130,0.22918289,0.22393391,0.34830493,0.24830522,0.22391397
101,3.366667,0.31556054,0.34777870,0.34834247,0.35058389,0.34820856,0.33568606,0.34934277,0.34386159,0.34983273,0.34940613,0.30356799,0.35944733,0.28322333,0.24159663,0.23621019,0.34324099,0.25863599,0.24113020,0.22346128,0.22533615,0.22346092,0.34477944,0.24957200,0.23062476
102,3.400000,0.31501182,0.34945775,0.35356865,0.34904338,0.34784875,0.33569631,0.35036617,0.34759730,0.35264613,0.34626937,0.30068123,0.36079121,0.28391938,0.24288810,0.23737001,0.34504881,0.26044818,0.24654716,0.22703200,0.22878654,0.23327185,0.34689257,0.24966320,0.22986626
103,3.433333,0.31044118,0.35098032,0.35492213,0.35222222,0.34698800,0.33702915,0.35104078,0.35501426,0.36072309,0.34891338,0.30159172,0.37608014,0.29015444,0.24542702,0.23752282,0.36171334,0.26075059,0.24474849,0.22730100,0.22524872,0.22823306,0.34904223,0.23299431,0.22191094
104,3.466667,0.30941097,0.34927619,0.35532008,0.35008934,0.34681662,0.33483262,0.35186075,0.35097319,0.36013010,0.35091778,0.30706429,0.37092329,0.28495302,0.24396280,0.23510818,0.36228550,0.26690310,0.24675528,0.22480327,0.22548269,0.22959873,0.35085490,0.23286183,0.21992521
105,3.500000,0.30100964,0.34263324,0.34579750,0.33568250,0.33430387,0.32553384,0.35167773,0.35248455,0.36344463,0.34118726,0.29363922,0.37266352,0.28112909,0.25473670,0.24484791,0.35963694,0.27184740,0.25479552,0.23758591,0.23459808,0.24108602,0.35416602,0.23567767,0.22542417
106,3.533333,0.29931055,0.34024001,0.34670776,0.34667467,0.33626650,0.32910604,0.35244400,0.35702179,0.35423448,0.33665586,0.29644664,0.37065618,0.28126011,0.25578217,0.25359598,0.36336842,0.27823477,0.25808829,0.24500125,0.24093564,0.24669292,0.34944743,0.23775822,0.22889776
107,3.566667,0.30034373,0.34860763,0.34514048,0.34586886,0.34181696,0.33143696,0.35149318,0.35994879,0.36045789,0.34325526,0.29855527,0.37107763,0.28441720,0.25902568,0.25251346,0.36761598,0.27869143,0.26379477,0.24129952,0.24393990,0.24850853,0.35719684,0.24100598,0.22588390
108,3.600000,0.30757161,0.34982888,0.34970480,0.34502044,0.34361592,0.33377457,0.35408658,0.35953441,0.36271993,0.34715669,0.29960871,0.37260168,0.28399810,0.26129233,0.25444409,0.36870653,0.27799751,0.26341271,0.24480002,0.24202707,0.24884743,0.35601734,0.24554647,0.22995412
109,3.633333,0.29825988,0.34882164,0.34531231,0.35010568,0.33917381,0.33251468,0.35704200,0.36793802,0.36851797,0.34318064,0.29992787,0.37491590,0.28238422,0.26240460,0.25239477,0.36587055,0.27230482,0.27255268,0.24755903,0.25501517,0.25922859,0.35364642,0.24220235,0.21950742
110,3.666667,0.28711673,0.34923195,0.34425072,0.34987662,0.34530788,0.34461958,0.36595435,0.37879191,0.38041959,0.35496345,0.30704427,0.38549925,0.30212526,0.26855250,0.25986679,0.37449434,0.28493992,0.28043392,0.26442534,0.26855610,0.27181506,0.37028811,0.25365423,0.22935923
111,3.700000,0.26909935,0.34969914,0.35660824,0.34448057,0.33858533,0.35344924,0.36610150,0.37342961,0.38025914,0.36207489,0.31882189,0.39192070,0.30233476,0.27498768,0.26806318,0.38512736,0.29384751,0.27859083,0.28026219,0.27646056,0.26918269,0.37230088,0.24942883,0.23986763
112,3.733333,0.26981164,0.34760037,0.35398795,0.34491589,0.34238829,0.35371370,0.37562567,0.38551193,0.38917939,0.36920248,0.31766124,0.38521986,0.29720054,0.26391883,0.25997861,0.38543216,0.28578681,0.27175191,0.26276574,0.26373209,0.26233309,0.37504035,0.23879036,0.22090827
113,3.766667,0.28119457,0.34676179,0.35520393,0.34737335,0.34590610,0.35585828,0.36698621,0.37760384,0.38556515,0.36590448,0.33551509,0.38034611,0.30081446,0.27731521,0.27772101,0.38046199,0.29798765,0.28529310,0.27375447,0.27289671,0.26981771,0.37982452,0.25203602,0.23787422
114,3.800000,0.28343208,0.35797180,0.36794046,0.35417417,0.35688756,0.36007609,0.37973397,0.38427207,0.38554583,0.37350359,0.33756065,0.39539114,0.30373817,0.26758657,0.27538434,0.38496119,0.28702194,0.27220605,0.26376028,0.26523324,0.26162878,0.39278470,0.25305986,0.23565634
115,3.833333,0.28160676,0.36269521,0.36274993,0.36020880,0.35517990,0.36876105,0.37713145,0.38171391,0.38953865,0.37451453,0.32354139,0.38977261,0.30198931,0.26823166,0.26908146,0.38658737,0.28774159,0.26622649,0.26586476,0.26636083,0.25977689,0.39069239,0.25063160,0.23894756
116,3.866667,0.26682956,0.34688829,0.35311097,0.34347405,0.34271609,0.35372828,0.38096456,0.39150315,0.38777742,0.36151774,0.31586980,0.38167104,0.29623155,0.26624998,0.26438221,0.38375784,0.28953760,0.26831904,0.26623202,0.26887310,0.25735515,0.37899351,0.24022481,0.22631139
117,3.900000,0.28350792,0.34764629,0.35186853,0.34249556,0.34199433,0.34874180,0.36855139,0.38084620,0.38545741,0.36078391,0.32820330,0.37957938,0.30454886,0.27646333,0.26797454,0.38431478,0.29851538,0.27933852,0.27486295,0.27449953,0.26486520,0.37457767,0.25004750,0.23135206
118,3.933333,0.27965751,0.34482774,0.35105944,0.34565412,0.33927811,0.35360357,0.36748626,0.37761783,0.38689454,0.36525769,0.32505319,0.37675112,0.30791666,0.27491235,0.26702042,0.38041097,0.29300524,0.27405597,0.27100432,0.27269340,0.26381551,0.37028004,0.25117715,0.22890714
119,3.966667,0.27108992,0.34220844,0.35353706,0.33822687,0.33792671,0.35174867,0.37456410,0.38645986,0.38595331,0.35641018,0.31349173,0.37836442,0.29154485,0.25779032,0.25646201,0.38728911,0.27880948,0.26322767,0.25747004,0.25878354,0.24938487,0.36545270,0.23728894,0.21800456
120,4.000000,0.27013694,0.33275361,0.34482105,0.33267837,0.33815876,0.35154143,0.36468050,0.38798918,0.38170972,0.35596293,0.31555770,0.37917935,0.30582210,0.26882920,0.26884102,0.37865409,0.28633286,0.27138834,0.26828222,0.27379269,0.26391417,0.36748247,0.24768395,0.23393153
121,4.033333,0.26216397,0.34197988,0.34460900,0.33706121,0.33950498,0.34804055,0.36761364,0.38871076,0.38218035,0.36370610,0.31936923,0.38036901,0.28807621,0.25992314,0.24402655,0.38138444,0.26927827,0.25347645,0.25346294,0.25516980,0.25692800,0.37399833,0.22362074,0.22487871
122,4.066667,0.26112024,0.34217429,0.35358043,0.34126283,0.33834220,0.34728965,0.36596760,0.38131224,0.38376789,0.36334776,0.31443412,0.37965770,0.29642933,0.26337998,0.24427436,0.38105388,0.27495120,0.25130531,0.25212599,0.26026802,0.25805646,0.37111531,0.22778970,0.22441422
123,4.100000,0.26063607,0.34492411,0.35539980,0.34052425,0.33565451,0.34861247,0.36335657,0.38589228,0.38207583,0.36487850,0.31418088,0.38131102,0.29005150,0.26001359,0.24028927,0.37988363,0.26849520,0.25884391,0.25268026,0.26626239,0.26307345,0.36619948,0.22972689,0.22432626
124,4.133333,0.26367011,0.34628093,0.35453181,0.33911907,0.33125274,0.35218308,0.37306281,0.38605791,0.38294169,0.36057649,0.32214902,0.38415037,0.29352425,0.26475201,0.24620343,0.37708649,0.27699527,0.25432915,0.25285258,0.26442619,0.26077005,0.36456606,0.22808118,0.21871839
125,4.166667,0.24875606,0.32855412,0.34006201,0.32748737,0.31754137,0.34048052,0.35688204,0.37914378,0.37307241,0.34465297,0.30270150,0.36674207,0.27898033,0.26073597,0.24996921,0.36482922,0.27939477,0.26492987,0.25804762,0.27022689,0.26686749,0.35421884,0.23829023,0.22979548
126,4.200000,0.25754558,0.33346013,0.33768538,0.32798923,0.32355288,0.33621118,0.35581499,0.38023949,0.36922657,0.35147033,0.29888447,0.36642832,0.28193916,0.25835754,0.25223004,0.36632351,0.28117099,0.26363305,0.25964694,0.26900125,0.26568351,0.35797536,0.23627967,0.22998091
127,4.233333,0.24182280,0.31671234,0.33138055,0.31779666,0.32128076,0.33186917,0.35485419,0.37474625,0.36388222,0.34854212,0.28836101,0.36132822,0.27372259,0.26479183,0.25090951,0.35671954,0.27996158,0.26381971,0.25935749,0.27128427,0.26909563,0.35433744,0.23933777,0.23692981
128,4.266667,0.25558886,0.33224406,0.34184646,0.33217723,0.31898314,0.34150707,0.35724968,0.37787790,0.37399146,0.34743062,0.30466405,0.37093119,0.28520186,0.27294728,0.25323953,0.36699334,0.28583924,0.26314091,0.25939717,0.27015892,0.26013428,0.34878735,0.23125413,0.23762850
129,4.300000,0.25464818,0.32800357,0.32751956,0.32243019,0.31574327,0.33775231,0.35669477,0.37849064,0.37630095,0.34553062,0.29806619,0.36709438,0.28223189,0.27180463,0.25422919,0.36335764,0.27428352,0.25457615,0.25454791,0.26930724,0.26328207,0.35094217,0.23101608,0.23358343
130,4.333333,0.23224638,0.31243406,0.31867815,0.31009695,0.31166282,0.32400448,0.34818833,0.36637976,0.35636538,0.34234486,0.28731590,0.35641264,0.26909594,0.27229739,0.23927512,0.35813373,0.27166996,0.25990468,0.25618279,0.26585672,0.26383714,0.35232039,0.23236060,0.23363852
131,4.366667,0.22822617,0.31808195,0.32463849,0.30780597,0.31677579,0.32758429,0.34787831,0.36474925,0.36342031,0.34527262,0.29019857,0.35760565,0.27068233,0.27546088,0.24043068,0.36232791,0.27471172,0.26106406,0.25965956,0.26990526,0.26496777,0.35196160,0.23578472,0.23579796
132,4.400000,0.23504983,0.31715440,0.32200248,0.30781758,0.31383709,0.33143757,0.34713855,0.37199227,0.35759716,0.33622613,0.29123245,0.35896419,0.27332977,0.27798859,0.24114735,0.35708831,0.27015802,0.26138996,0.26277727,0.26953246,0.26736852,0.34682854,0.23096108,0.23389598
133,4.433333,0.22760787,0.29920156,0.30337644,0.28630881,0.29832354,0.30609248,0.33548643,0.35570612,0.34133054,0.32034715,0.27474009,0.33950130,0.25415474,0.27338668,0.23345473,0.34066876,0.26582555,0.26312814,0.26231825,0.27036103,0.27428795,0.33448408,0.23797642,0.24794406
134,4.466667,0.22657783,0.30757068,0.31764252,0.29793671,0.31238616,0.31975405,0.34147555,0.35636779,0.35386339,0.33584031,0.28610609,0.35158173,0.26039810,0.28396172,0.23199072,0.35570533,0.25944071,0.26434182,0.26434657,0.26752151,0.26683147,0.34104632,0.23203127,0.23623287
135,4.500000,0.22765361,0.30049040,0.29940542,0.28877422,0.29018669,0.31198631,0.33780484,0.35482256,0.34060059,0.31972105,0.29179726,0.34728216,0.27031993,0.29219011,0.24174964,0.33922940,0.27335959,0.27542743,0.27481593,0.28276681,0.27745375,0.32572157,0.24431885,0.25655405
136,4.533333,0.21675003,0.30713779,0.31612886,0.30364619,0.30664843,0.32191638,0.34044425,0.35906512,0.35509124,0.33820116,0.28511927,0.34848313,0.25741893,0.29036283,0.24248102,0.34918463,0.26691078,0.27995770,0.27592266,0.28395635,0.27800653,0.33673138,0.24917518,0.23732126
137,4.566667,0.21456770,0.31185764,0.31675762,0.30179614,0.31088463,0.32075004,0.33731357,0.36064003,0.34969274,0.33948744,0.28578428,0.34886262,0.25502054,0.28991224,0.24174281,0.35128192,0.27578763,0.28281033,0.27643816,0.28213344,0.28258270,0.34234061,0.24514844,0.24430438
138,4.600000,0.22413942,0.29576728,0.30474818,0.30032475,0.30794728,0.31169087,0.34651448,0.34895832,0.34826164,0.32914713,0.28629478,0.34966360,0.26881907,0.30298715,0.25863771,0.34405528,0.28830533,0.28748207,0.28896624,0.30180528,0.28973693,0.33216572,0.25429806,0.26301204
139,4.633333,0.21762622,0.29840469,0.30845593,0.30023329,0.30269952,0.30228063,0.34724774,0.35424109,0.34235310,0.33361399,0.28777798,0.34692818,0.27389188,0.30636290,0.25943348,0.34950112,0.28599312,0.28709307,0.28751344,0.29818687,0.29260006,0.33979133,0.25724206,0.26722411
140,4.666667,0.22001145,0.29735331,0.30676366,0.29925929,0.30099253,0.30316505,0.34975098,0.34887136,0.34477163,0.32929178,0.28562076,0.35064990,0.27285845,0.30304511,0.25510775,0.34247346,0.28906441,0.28426545,0.28541148,0.29736631,0.29477823,0.33248046,0.25745365,0.26744154
141,4.700000,0.21914222,0.29132418,0.30747712,0.30204817,0.29613535,0.30756572,0.34785716,0.35345223,0.34418820,0.33271391,0.29148659,0.35059050,0.27041102,0.30420259,0.25894519,0.34431301,0.28890009,0.29119316,0.28628536,0.30286260,0.29256593,0.33810057,0.26389664,0.26494375
142,4.733333,0.21066397,0.30037196,0.29625559,0.30015721,0.30209643,0.30287223,0.35170201,0.35614890,0.34295517,0.33322396,0.28728370,0.34958913,0.27384459,0.28893516,0.25379729,0.33924668,0.29077604,0.30071695,0.28623831,0.29774264,0.31093125,0.33607699,0.27211614,0.26205934
143,4.766667,0.21017546,0.28884698,0.28406990,0.28778894,0.29103196,0.29446892,0.33583810,0.33878961,0.33467551,0.32108715,0.27941770,0.33399204,0.26246913,0.30404663,0.26811450,0.33148715,0.29968369,0.31739951,0.30248392,0.31052266,0.31930980,0.32359972,0.28475669,0.27797575
144,4.800000,0.20915863,0.28079877,0.28907040,0.27346492,0.28271849,0.29052108,0.32035363,0.33041115,0.32436560,0.30724646,0.27174459,0.33105527,0.24707034,0.31909644,0.27362867,0.32698481,0.30366073,0.30350250,0.30516880,0.31978237,0.31118850,0.32342853,0.27954598,0.27826384
145,4.833333,0.21092288,0.27014889,0.27557794,0.27122677,0.27125300,0.26967102,0.30620784,0.31328260,0.31855311,0.28970618,0.26042797,0.31608854,0.24747127,0.32482656,0.29206414,0.31086207,0.32282527,0.32602947,0.32696972,0.33411079,0.32782028,0.30759175,0.29006847,0.29546794
146,4.866667,0.18915213,0.26357706,0.27834309,0.25433023,0.27441365,0.27246658,0.30290843,0.31663613,0.31471599,0.28453150,0.27494654,0.31593306,0.27398243,0.34966790,0.30549033,0.30803244,0.33518059,0.33422665,0.33048570,0.33207756,0.34235414,0.29721743,0.30276093,0.29187804
147,4.900000,0.20301302,0.24746641,0.25776085,0.25072072,0.25171430,0.25917155,0.26808383,0.28915984,0.29405527,0.28023708,0.26709276,0.29503883,0.27465131,0.36251001,0.33159132,0.29421138,0.35844792,0.35933889,0.36213302,0.36871493,0.36311794,0.29453182,0.32519496,0.32190306
148,4.933333,0.21083045,0.24758611,0.25440751,0.25178084,0.25494394,0.25551553,0.26334419,0.27554100,0.28638863,0.28003118,0.28132241,0.29572249,0.28198030,0.37142481,0.33679675,0.29176705,0.37044913,0.37385783,0.36726412,0.36935913,0.36945409,0.27891991,0.33981649,0.33586471
149,4.966667,0.21191815,0.23895262,0.25603293,0.24248152,0.25708276,0.26007739,0.25971422,0.27883126,0.28733209,0.27076666,0.29179963,0.29958952,0.29291361,0.38390878,0.34934640,0.29226521,0.37560861,0.38237647,0.38568152,0.37840098,0.38690525,0.27223121,0.35251139,0.34634291
150,5.000000,0.22138511,0.22086479,0.23225846,0.22221655,0.21750524,0.23106909,0.25023940,0.27538077,0.26811697,0.25197835,0.25845565,0.28358185,0.27471026,0.35933971,0.33527088,0.26287419,0.36188505,0.35924855,0.35813189,0.36576337,0.36829808,0.26130601,0.32601522,0.33320594
